at1,at2,at3,at4,at5,at6,at7,at8,y
-4.87,7.83,-6.66,-0.37,-3.12,5.16,9.11,-5.0,1
-3.06,-5.3,3.77,3.44,-3.15,9.09,-2.85,5.28,0
-0.72,-6.65,-2.69,-6.97,0.09,4.2,1.99,-2.09,0
9.06,-7.11,9.62,1.37,6.17,8.52,-0.77,-3.88,0
7.53,4.48,2.6,6.57,7.18,-5.3,6.58,-2.14,0
-6.78,2.31,9.51,-7.48,7.33,-7.22,6.02,1.55,0
4.24,-4.61,9.36,-8.61,2.73,-5.59,8.42,-4.1,1
-2.01,-8.89,-5.07,-3.26,-6.63,-3.89,-4.5,6.66,1
-1.19,3.6,2.69,-0.34,1.3,-5.71,1.14,0.16,1
-6.52,8.67,-8.29,4.4,4.62,-1.37,-5.51,-6.98,0
-2.87,-6.37,1.09,5.3,-3.68,2.39,2.51,-4.33,0
-8.61,-7.98,3.24,6.11,5.1,0.71,-4.5,8.25,1
0.92,0.69,4.83,-1.49,-5.57,3.31,-7.36,7.94,1
-2.41,-8.02,-0.69,-0.76,-5.74,-3.39,8.76,-9.39,0
-3.38,-6.79,-1.15,4.15,7.41,8.8,3.72,3.09,1
-6.38,-1.58,2.29,-6.63,6.45,3.08,-5.63,3.26,0
5.34,-5.06,6.7,-2.79,-3.35,1.09,0.08,5.91,1
-7.5,3.58,-9.1,2.02,9.04,2.71,0.81,-2.84,1
-6.6,7.94,7.64,7.66,-2.65,-5.02,5.63,-2.54,0
-9.03,4.77,1.44,1.4,6.99,-3.4,-3.08,0.42,1
3.69,3.75,-6.28,-2.15,4.24,6.8,-4.09,5.04,1
5.02,8.17,-0.03,1.82,2.02,6.3,8.11,1.56,0
-4.11,7.13,4.85,-1.94,3.07,-7.35,-6.83,-4.09,1
-7.3,9.92,-9.2,8.21,8.1,-6.77,-6.71,-9.32,1
-3.7,2.43,9.37,4.42,0.25,-3.89,6.64,8.23,0
6.78,-3.43,6.01,7.03,2.54,2.19,-7.5,-9.07,0
-7.47,1.05,-9.11,-9.12,2.53,1.81,-9.32,-9.91,1
-5.1,-9.11,-9.41,-1.11,-5.46,-3.27,-1.95,0.61,0
1.78,-7.25,-5.92,-1.52,-6.17,8.2,-5.06,5.71,0
9.32,-0.47,-2.8,-9.71,2.48,-8.04,-4.67,4.21,1
-9.79,8.21,5.57,1.55,-3.9,-5.7,1.86,2.13,0
0.63,2.61,-6.05,8.82,5.25,-0.84,-6.01,-4.86,1
-2.64,-0.17,-8.46,-6.93,0.68,1.43,-1.45,-3.39,1
-4.11,-2.05,-4.2,-4.24,2.9,0.55,6.76,4.29,0
2.54,5.95,-7.96,-9.1,-1.44,-2.33,8.03,0.89,0
-3.14,3.61,4.83,0.1,1.68,2.72,-2.19,8.83,0
-1.89,-0.36,1.36,-3.8,-0.7,-0.77,1.02,9.72,1
-0.29,-1.39,-6.84,-7.43,3.61,-0.03,-3.3,7.28,1
-7.09,-6.06,1.04,-6.52,1.64,8.02,9.88,-2.95,0
-8.75,2.62,-3.63,-4.71,-4.21,-2.69,5.32,5.32,0
-9.58,3.65,4.82,3.28,-8.51,1.71,-6.9,5.48,1
6.39,6.77,5.1,5.69,-0.59,0.5,-6.53,4.41,0
3.69,7.03,-7.64,2.02,-4.56,-6.24,-0.81,6.22,0
-1.68,4.84,-1.06,-1.31,5.4,2.78,-6.2,-8.63,1
-2.53,6.24,-3.97,-1.89,3.7,-5.23,-0.82,-6.87,0
9.45,-4.64,-3.67,-4.17,2.11,2.39,-3.59,3.98,0
1.14,2.15,-0.34,-2.96,-1.1,9.77,-9.77,-1.33,0
9.81,-2.0,1.03,9.77,6.89,-0.77,-1.89,-0.22,1
6.37,-2.42,7.85,-8.55,-3.17,5.13,8.62,3.01,0
5.09,-7.43,-2.85,-9.46,3.77,-2.9,-4.66,-1.73,1
0.93,-0.19,-5.84,-6.35,4.26,0.83,1.3,9.22,1
-6.27,-6.21,-4.73,7.29,-3.71,-9.38,9.06,0.56,1
8.66,-9.28,0.93,4.14,5.21,7.44,3.56,7.79,1
-2.39,8.44,6.29,2.77,8.38,-0.1,-0.56,-0.71,0
-8.28,-5.51,-0.55,-7.82,-7.74,-3.11,-0.65,7.71,0
7.01,1.2,-0.74,-9.41,-1.62,-7.99,1.7,7.05,1
-2.05,-6.34,-9.5,0.63,3.34,-0.09,1.07,1.87,0
-4.11,5.46,-9.57,-3.72,7.59,6.67,-4.73,-7.78,1
-9.58,-2.93,-4.94,1.56,-6.7,-8.5,-7.05,-0.06,0
2.42,-3.08,2.76,4.18,-1.58,6.12,-6.83,-8.09,0
-5.71,-6.62,8.95,-9.46,-0.96,2.84,9.89,2.95,1
-4.25,4.77,-1.14,0.26,5.96,-1.27,-2.23,8.92,0
-1.62,-7.93,8.93,3.73,1.45,5.29,-2.09,7.2,1
-9.26,-8.81,2.75,6.07,-5.63,-2.5,-2.34,8.99,0
-3.34,-5.29,6.47,9.51,0.64,-5.84,-3.09,0.54,0
-9.05,9.79,9.97,2.29,1.94,-3.01,3.31,-1.75,0
0.74,8.53,-0.16,-6.3,-4.05,2.77,-0.14,-0.78,0
-5.11,9.45,-9.5,9.09,0.19,1.48,0.06,-3.35,1
6.05,-9.48,-8.42,-4.06,1.06,-2.07,3.1,8.88,1
6.89,6.24,-0.74,-9.17,7.44,-7.94,-8.6,9.13,0
-5.52,0.81,7.74,-5.8,2.36,-6.55,9.36,8.93,1
9.46,-8.5,-2.08,2.7,-3.63,-0.19,8.53,1.12,0
1.36,2.14,-6.97,8.41,1.2,-9.61,-2.06,5.08,0
-3.15,-9.35,2.85,1.68,5.29,-7.6,4.81,0.53,1
-3.78,-1.3,-9.2,-2.88,-5.22,0.54,-6.72,0.1,1
3.35,-5.82,2.84,7.52,5.63,4.3,-3.41,8.6,0
-2.02,-5.14,-9.54,5.85,-1.54,8.54,6.75,-8.65,0
9.14,4.84,-6.02,4.68,-1.62,-3.05,-7.4,-6.35,1
-9.57,-2.33,2.59,3.69,-1.45,5.99,5.2,-8.17,0
0.53,3.12,5.93,9.19,-5.66,-7.33,0.38,2.83,0
-1.26,0.65,9.51,1.84,8.73,-1.07,8.68,6.55,0
-5.64,-2.9,8.61,3.09,-2.85,5.81,-3.68,-3.74,0
-7.32,8.99,3.67,6.8,7.96,-3.52,6.57,4.6,1
-5.82,7.23,-5.71,9.33,3.04,-5.27,4.6,-7.27,1
4.31,5.3,-2.5,8.48,5.52,-2.28,2.13,-9.64,1
6.87,-5.02,1.44,-8.05,-1.59,7.08,-9.76,-2.84,1
-5.19,-8.65,4.28,4.27,-8.68,-9.49,-8.13,-7.41,0
-9.13,8.87,8.68,9.05,4.81,-6.29,-9.66,9.1,0
2.23,9.37,5.39,4.41,-0.23,-4.17,9.27,-9.59,1
-9.47,6.07,1.53,6.05,-4.8,9.33,6.44,-0.58,1
-5.97,-7.14,3.27,-6.88,5.54,-6.23,7.5,-2.16,1
-5.89,3.25,7.32,-3.41,4.43,-8.54,-9.88,5.01,0
-0.59,-4.71,-9.63,-1.33,7.07,5.81,0.69,1.14,1
-7.87,7.76,-0.59,8.31,7.44,-8.82,-5.15,7.74,0
-6.06,8.72,-5.09,6.56,-4.72,5.05,6.63,-5.9,1
-9.96,-6.25,-8.14,-0.17,-3.92,7.49,1.74,-7.96,1
4.44,1.07,-0.86,1.87,-7.34,3.44,7.08,-3.57,1
-7.68,1.48,-4.88,10.0,-3.99,0.14,6.84,-7.92,1
9.97,-5.41,5.99,3.32,-8.96,3.65,-7.06,-8.19,0
-4.19,-6.47,-8.98,8.58,3.06,-8.93,1.73,-9.86,1
6.28,-7.43,-5.0,-6.61,2.41,7.3,-0.66,4.42,1
-8.38,-1.87,7.54,-1.7,-2.5,9.43,-9.19,-6.37,1
7.07,6.22,8.64,-8.94,0.26,4.53,6.93,-4.65,0
-5.91,-7.32,1.94,-3.28,1.09,-2.52,6.77,-8.7,0
-9.34,6.71,-0.06,9.84,-3.49,-4.74,8.36,0.31,0
7.05,3.94,4.74,0.72,-8.34,-4.21,4.0,7.49,0
-6.57,-9.44,-9.37,1.99,-5.16,4.83,-1.86,3.58,0
7.42,-1.81,3.9,0.06,-1.16,-6.03,-4.63,-8.21,0
-6.47,-4.23,-6.58,3.22,-9.65,7.12,3.0,-1.45,0
-7.78,-2.9,-8.13,-9.04,2.77,-6.34,0.0,7.89,0
5.17,-0.84,3.45,4.94,8.91,-0.11,9.55,-1.64,0
0.56,-3.88,-2.64,-1.77,2.97,2.93,-2.16,7.15,0
-2.36,2.44,9.02,-7.17,0.03,7.47,3.1,9.43,1
-2.24,-0.4,2.11,-2.62,-1.54,-1.4,-0.43,-8.08,0
9.78,8.09,-1.74,-6.26,-2.59,-6.08,-7.46,-8.87,1
7.79,-3.33,1.86,-1.82,-4.76,-7.56,9.16,-8.68,1
-5.26,-3.32,2.57,4.93,1.07,8.97,-8.61,-9.98,1
8.79,9.12,-9.31,-0.23,-8.59,4.05,-7.74,3.24,0
-7.08,-6.49,-4.8,-4.52,6.37,-5.3,-0.82,-6.73,1
-8.15,3.57,5.52,3.38,4.15,4.43,6.43,-5.43,0
0.05,-0.92,-7.89,0.56,-6.51,-4.74,-5.26,0.11,1
6.48,-1.71,-6.09,-5.74,-7.87,3.59,6.27,6.7,1
9.07,-0.09,-5.21,4.16,2.94,-6.24,-6.61,6.83,1
-7.13,0.15,3.47,-7.72,0.99,-0.22,-1.83,-6.89,0
2.69,-6.97,6.01,2.37,0.79,-9.27,4.58,-9.15,0
-8.89,1.4,8.43,-3.88,-6.99,-7.3,-8.35,8.67,1
1.74,-5.29,4.53,0.55,-6.2,-1.15,1.13,-0.51,1
4.75,0.14,1.21,0.25,2.62,-4.64,-8.22,-6.81,0
7.9,-3.92,5.11,4.35,7.55,1.74,6.09,0.31,1
-2.58,-3.04,0.32,1.62,5.31,1.42,6.01,-1.83,1
-5.76,8.46,-8.22,6.04,-6.59,3.69,-1.71,-6.24,0
2.14,9.89,1.01,-3.49,3.94,7.12,1.76,-1.63,1
5.43,-6.29,-1.29,-6.01,6.2,8.37,-1.6,4.44,1
9.99,-6.58,4.88,2.81,-7.1,-8.11,2.26,9.46,0
-0.74,8.44,5.53,3.05,2.55,-8.87,-3.65,1.26,0
2.85,-2.37,-9.78,-9.03,-2.47,-0.48,-6.94,2.84,0
4.15,0.7,-7.09,5.22,9.65,-0.94,-4.67,6.62,1
0.99,6.79,1.88,-2.97,-9.76,2.13,1.54,7.86,0
-6.99,1.6,2.77,-5.13,-5.19,9.69,-2.54,4.38,0
5.57,6.53,-3.06,8.49,8.41,-3.8,-8.11,-2.11,1
9.84,8.38,-8.15,-8.57,8.57,-6.41,-4.77,2.25,0
-9.09,-4.01,7.1,8.99,-0.81,-0.25,-6.6,-4.44,0
-9.83,-6.35,-1.54,9.39,2.32,4.33,-4.09,1.27,1
7.58,3.36,-5.84,-8.53,7.26,-4.19,-5.9,4.59,0
-6.68,-3.09,-4.15,0.03,-8.77,5.83,-2.41,-7.58,1
-0.88,-5.09,6.67,-1.84,-7.52,9.22,5.84,1.3,0
2.74,-4.8,-2.1,-0.66,-4.75,7.67,7.64,4.54,1
-9.58,4.47,5.52,-8.37,-5.16,1.98,1.74,3.25,0
8.11,-5.6,0.95,1.0,-3.47,1.0,-4.14,5.89,0
1.28,1.87,-9.17,-1.26,-8.81,4.11,6.94,4.23,0
-6.09,-8.48,-7.93,-2.76,-8.32,-2.33,7.24,5.24,1
-4.86,5.78,8.49,-0.89,8.25,0.15,-9.05,-0.34,1
0.5,5.64,0.02,-4.12,0.91,9.71,7.99,4.55,0
-6.82,4.48,-1.64,-1.39,2.02,-3.29,5.85,3.65,1
-6.37,-0.85,-0.79,0.07,6.4,-8.34,-0.46,3.09,0
3.32,-8.9,-5.9,8.49,1.41,-0.63,-6.37,-6.21,0
3.72,9.67,-3.01,6.18,-5.46,5.75,-4.16,4.95,0
9.34,-3.0,2.57,0.27,-8.69,0.97,-6.6,6.52,0
9.82,1.99,8.14,-0.76,-2.33,4.07,-8.52,0.03,0
-6.34,0.01,5.96,-4.36,0.84,5.15,-4.76,2.57,1
6.17,6.95,3.18,-0.06,-9.92,-2.61,-8.28,8.46,1
-3.45,6.68,-5.89,-2.55,3.45,8.17,-9.61,-0.38,0
5.81,-3.29,0.62,9.45,2.84,8.94,-0.75,4.36,0
5.53,1.45,7.79,-9.57,-7.62,0.06,6.74,-3.88,1
5.04,-9.97,-8.7,-3.35,4.23,1.41,-7.68,8.16,0
-1.28,6.1,4.95,9.67,-3.83,9.51,3.1,-8.75,1
3.86,-1.02,9.46,-5.23,5.0,-1.69,-4.62,1.96,1
-1.98,4.68,7.0,-4.65,-7.93,-5.54,-8.09,8.62,1
4.33,-3.3,-5.69,-8.36,6.46,7.73,2.07,3.81,1
-7.02,7.8,0.33,1.64,-9.57,8.73,8.87,9.25,0
8.03,-8.75,0.01,6.44,-7.87,-8.26,5.49,5.19,1
2.51,6.22,-1.33,-7.5,8.25,-2.13,-7.19,4.16,0
-7.83,-6.77,6.5,-0.58,-6.47,-9.26,-6.36,-7.88,0
4.25,9.88,8.73,6.75,-6.28,1.64,-8.35,-7.43,1
0.56,5.65,-8.68,-0.09,-5.2,-8.92,-3.14,-1.26,0
-7.96,5.2,-3.96,8.23,-5.19,1.15,9.92,-0.77,0
-1.19,-2.22,3.58,-1.38,-7.0,-0.88,8.42,3.27,1
-5.57,-2.99,-4.75,7.32,-0.83,5.91,-2.83,-9.93,1
8.75,-2.01,1.58,1.62,1.23,7.53,-2.96,3.67,1
1.86,-0.28,3.14,-9.19,-4.0,7.86,0.7,5.84,1
-2.3,9.11,9.09,-9.07,-1.32,9.59,4.91,-2.27,1
-8.31,9.64,-0.95,0.05,-6.72,-0.63,7.12,-1.92,1
4.97,9.84,8.76,-7.41,7.25,-5.95,-0.45,2.97,1
-9.74,9.0,-9.48,2.64,-6.75,-5.87,-7.15,0.94,0
7.39,8.88,-6.11,-2.2,-5.16,8.72,4.07,0.65,0
-1.88,-0.87,4.61,7.45,2.11,-4.74,-0.84,0.55,0
-9.7,6.54,6.27,-0.03,-1.99,0.63,5.94,-6.22,1
0.97,6.83,-0.19,0.13,-2.29,-3.42,7.35,-1.31,1
-9.97,0.22,0.92,3.87,-5.91,-0.15,6.76,-9.62,1
7.11,-2.84,9.91,-9.4,7.1,-8.16,3.35,9.18,0
-5.2,7.66,9.74,3.45,-8.69,-7.0,-8.21,-1.89,1
-1.78,-6.01,-8.54,-6.06,1.49,4.69,-2.1,1.97,1
4.08,1.52,6.4,-4.84,8.66,-7.22,-7.16,-1.04,1
-6.94,2.06,-5.27,8.81,4.1,-4.29,9.7,5.49,1
5.81,-8.31,9.79,0.2,-8.04,-3.53,-8.92,-2.84,1
7.43,3.0,-4.19,-2.06,1.11,4.94,2.01,-9.74,0
4.6,6.91,-8.29,-7.64,-4.93,-2.89,-2.99,4.62,0
-2.31,-3.7,-1.22,-5.23,-8.92,-7.36,8.18,4.21,0
-8.6,8.57,6.32,7.51,-0.03,-4.06,9.14,1.47,0
-5.65,-9.71,-9.38,9.22,-2.02,-5.95,-7.11,6.7,1
1.76,-7.42,5.81,-4.95,9.58,3.78,-1.81,7.35,1
0.08,-0.76,5.26,5.49,6.9,-4.62,4.58,8.91,0
-4.68,-3.32,6.23,5.32,1.45,-2.01,6.89,-0.66,1
-4.07,-4.08,1.41,-5.14,4.07,9.8,0.29,5.69,0
-6.02,0.7,-2.32,-9.32,0.71,-8.7,3.17,0.64,1
-9.51,-6.05,-3.52,-1.64,-3.53,2.96,7.43,2.65,0
-8.07,-1.16,7.05,-3.38,-2.98,-3.73,2.0,-0.26,0
3.16,-1.36,6.19,-5.21,8.42,-4.83,-0.96,9.94,1
-9.28,9.25,-7.48,-8.46,8.27,-2.32,-5.54,1.5,0
7.65,3.68,-5.24,-7.32,-4.46,2.43,3.36,0.3,0
-2.93,2.16,5.08,-8.07,-2.53,7.59,2.43,7.55,1
8.77,-9.26,-5.96,-6.59,2.04,7.52,7.5,2.21,0
0.96,5.79,8.34,5.11,-2.26,-4.56,-8.88,-0.96,0
-6.87,3.72,3.35,-5.12,-0.09,3.48,-6.72,-0.59,1
-0.55,-4.67,-5.66,9.87,-3.73,-5.51,7.76,0.51,1
8.53,1.68,-2.87,-5.79,-7.53,-3.53,2.51,-6.39,0
8.35,-2.71,1.88,2.68,-6.12,-6.72,6.71,3.29,1
6.08,-0.51,0.79,4.45,-8.65,-7.55,-0.18,0.16,1
-3.95,5.04,-6.28,-2.58,9.56,0.6,8.42,6.74,0
-3.93,-5.76,4.61,1.85,9.98,7.53,-6.42,0.45,0
-4.79,-5.1,0.81,-0.66,3.41,-8.71,-8.45,1.17,0
-7.64,4.79,-8.86,-4.88,-9.84,9.48,-7.58,5.66,0
-4.85,6.84,5.66,-9.68,-1.12,-8.17,7.35,9.89,1
3.69,0.23,0.97,6.83,5.77,9.77,-7.65,-2.94,0
2.29,4.43,6.73,-7.09,4.93,0.21,4.93,0.39,0
4.44,8.47,9.94,-5.03,1.31,-4.27,-0.31,-2.32,0
-9.81,-2.52,-5.45,-2.17,-9.19,-8.91,-8.99,3.98,0
-4.27,3.35,9.93,-0.37,-4.86,8.32,8.24,0.24,1
8.72,7.7,-5.26,-0.68,9.82,-8.7,-4.04,-5.71,1
2.78,6.27,-5.21,5.23,-7.43,4.73,-2.25,-2.85,1
-0.12,8.67,4.71,5.51,4.3,-3.54,-3.89,-0.42,1
5.11,7.39,-9.24,-9.72,-1.65,4.79,8.1,6.27,1
-3.69,-9.11,0.94,6.16,-1.21,0.61,-1.3,-6.39,0
-1.74,-7.23,-7.58,-7.22,-6.6,-0.44,5.01,4.12,1
2.18,3.06,5.22,-1.49,1.14,7.95,7.89,-4.67,0
9.74,-9.14,6.58,0.88,2.48,-1.15,3.23,3.39,1
-7.37,0.49,-6.45,8.57,0.35,7.04,-4.94,-0.05,1
1.86,-2.0,-8.09,1.22,-0.63,4.91,-2.28,-9.81,0
5.33,7.72,-9.45,0.54,9.96,-7.65,6.63,-4.41,0
7.82,-2.82,-9.11,6.07,-1.62,2.48,-3.22,-5.13,1
-6.34,5.85,7.86,-6.14,7.08,-2.37,9.23,-4.79,1
-7.04,-0.37,6.36,9.87,1.51,4.11,9.0,4.95,0
-6.82,-9.01,-0.88,-3.29,-4.66,8.27,-9.0,-6.32,1
-1.69,-5.61,2.73,-1.8,-6.22,5.69,-2.58,2.46,1
8.61,-7.59,-6.93,-1.19,-8.3,5.68,8.09,8.1,0
-6.02,1.04,-1.54,-7.25,8.77,8.83,-8.76,6.6,1
7.08,-9.12,-0.62,-3.74,-3.04,-7.17,0.94,1.28,1
-9.65,6.38,2.34,-7.08,8.36,7.22,-7.08,-4.3,0
-6.81,7.08,6.1,-9.07,4.28,1.1,9.47,9.94,0
-5.63,2.16,3.93,8.88,5.37,-0.78,-2.84,6.84,1
7.47,0.11,-5.41,7.74,-9.45,-1.59,-7.08,-5.77,0
9.42,-3.97,-1.55,-1.0,4.23,-1.05,9.09,0.12,0
5.13,-6.85,2.91,4.42,-2.32,-9.61,6.59,4.77,0
8.13,5.1,6.23,-5.3,5.87,-4.97,-0.32,-9.03,1
-8.37,-8.58,-1.68,0.48,-7.83,-5.69,8.99,8.38,0
8.81,7.28,8.66,7.98,-5.35,-8.88,-2.38,-0.39,1
2.59,-7.6,0.9,-4.89,-9.24,9.72,-6.76,2.15,0
-2.06,-6.74,2.41,0.96,7.14,9.52,-2.28,6.42,1
-4.51,-4.28,-9.96,-4.81,6.17,-2.3,3.78,-9.26,0
2.04,8.83,7.11,1.41,8.26,5.2,2.29,-1.85,0
3.29,7.38,-2.23,-4.56,-5.81,-0.54,-4.61,-8.4,1
2.52,-6.44,-4.86,8.22,-5.45,-3.39,-6.62,-9.23,1
3.3,-1.83,-7.98,7.36,3.93,-7.21,3.05,-1.87,0
1.75,8.15,-3.17,-1.1,-9.51,2.44,9.25,1.91,0
-0.7,-0.78,9.37,-1.69,-7.37,4.46,0.57,-6.1,1
9.81,2.09,-4.29,9.03,-1.09,-5.71,3.63,-4.75,0
1.15,0.55,-6.73,-3.59,-6.07,-1.48,9.19,-0.67,1
2.39,0.17,8.71,4.09,-5.12,-1.58,7.71,9.72,1
9.99,-2.18,-8.75,3.92,-8.09,4.15,-7.59,-3.17,0
2.57,-0.11,-0.88,3.52,-1.23,5.87,7.5,3.8,0
5.89,1.54,-0.26,1.36,4.67,3.51,9.94,8.49,1
0.51,6.51,-0.42,-5.14,9.4,-0.71,8.81,3.8,1
-4.5,-1.7,-2.53,-8.62,6.11,8.88,1.18,-5.22,0
4.16,6.75,5.2,1.79,0.67,-6.93,-9.42,-6.81,0
-3.43,5.51,4.41,7.35,6.57,5.27,-7.13,0.53,1
6.05,-9.49,-1.29,2.2,-6.88,9.15,6.67,-4.63,0
-4.61,-5.66,4.59,-7.88,9.78,4.69,1.47,8.71,0
8.1,9.89,-6.69,-1.61,-3.67,5.64,9.0,9.79,0
-3.5,-9.59,-9.2,-9.94,2.32,6.35,0.4,-7.63,0
-0.58,9.35,9.48,1.47,4.81,-8.82,0.29,5.66,1
-9.52,5.07,-8.41,-2.59,9.34,-3.59,5.15,-3.5,0
-3.62,7.56,-8.61,1.65,9.73,-4.07,-0.93,1.58,0
7.52,3.19,1.71,8.13,4.89,-4.14,9.09,-2.49,0
-2.85,-5.95,7.87,7.76,1.69,-3.83,5.77,-4.19,1
8.37,-7.18,8.94,-5.94,-7.53,0.68,9.24,-7.02,0
-1.67,-7.86,-2.67,-0.56,-0.03,6.19,-1.65,-9.73,0
6.44,-7.42,-4.2,-7.25,1.13,-0.13,-7.91,-1.34,1
-9.82,-1.04,-2.81,-5.71,5.67,6.78,0.07,-8.1,0
-2.78,-9.99,-7.2,-1.68,-2.7,0.83,6.88,-2.74,0
-6.24,-0.35,-2.49,-8.66,-2.41,0.22,5.93,2.11,0
-7.09,-3.35,-9.29,-9.31,-9.24,-6.44,-0.68,0.66,1
-5.01,9.05,-6.95,-3.83,2.29,1.21,-0.76,-9.98,1
-6.39,-9.59,-5.03,5.46,-2.68,-0.83,-6.94,8.99,1
1.66,0.26,8.05,-2.99,-7.13,-4.99,0.98,3.84,0
7.61,-8.2,4.04,-3.31,-2.34,-4.76,1.2,-8.9,1
-4.65,0.19,7.19,-4.09,-2.61,-2.82,-0.25,-0.19,1
8.37,9.9,-8.46,3.53,-2.33,5.5,6.5,1.31,1
7.87,-2.27,-1.06,-9.53,7.22,-1.98,-6.14,8.57,0
-0.05,6.73,-5.27,6.98,-7.81,7.01,-5.85,-9.29,0
-8.4,-0.07,3.54,2.31,-2.23,2.35,9.75,-8.39,1
1.95,-0.51,-4.33,-7.02,-6.76,-1.59,7.79,6.71,0
-8.43,4.58,7.15,4.62,9.08,-5.05,3.19,9.83,0
4.7,-8.69,-4.05,0.26,-3.95,-7.7,4.46,-1.17,1
-1.38,0.8,-1.76,4.49,-7.27,6.45,-3.4,-0.77,0
9.68,-6.38,-6.54,2.7,-0.44,-0.54,-4.21,7.08,1
-8.52,-3.51,-1.92,9.99,4.37,-6.22,-5.55,-0.75,0
3.37,3.57,-9.73,6.73,-5.9,-2.56,-1.07,-4.02,1
6.49,0.81,-7.78,2.42,6.87,-2.32,-6.91,-2.39,0
6.65,-4.19,-6.67,4.63,-6.79,-6.6,-6.23,-2.12,0
2.58,-9.49,-3.03,8.95,7.71,8.1,6.04,-7.92,0
3.17,-7.92,1.31,8.86,8.21,7.0,-3.18,-8.59,0
-9.67,-4.66,8.3,7.83,9.87,4.11,4.1,-6.2,0
7.91,6.18,-5.53,-5.52,-2.19,4.22,-5.75,3.04,0
-8.04,9.11,-2.86,-8.1,-2.98,-2.29,0.11,7.89,0
-5.22,8.96,-6.37,-1.93,-0.41,0.01,-7.02,7.11,1
-5.4,-5.87,2.66,9.84,8.74,-2.45,-6.24,-9.41,1
9.12,-5.47,-7.77,-5.41,8.61,-6.99,-1.89,-5.5,1
-3.82,-4.08,-3.99,4.8,8.11,4.75,9.55,-0.21,0
-0.22,-5.64,7.03,0.67,-3.07,1.53,9.15,-2.71,0
3.49,5.6,-6.1,-5.87,9.01,-2.59,2.51,-3.53,0
-5.31,-0.52,-3.29,6.65,-4.87,-9.45,-0.97,5.55,1
7.19,-0.19,-2.16,-3.78,-9.08,-2.09,-4.64,8.27,0
4.12,7.36,8.47,3.66,-7.16,-2.66,2.81,-3.73,0
-4.41,-0.53,9.77,1.27,9.27,-8.02,-5.2,3.01,0
6.09,5.64,-6.99,-7.35,-5.14,4.04,-5.64,-1.04,0
-0.89,-5.04,-2.22,-5.85,6.94,4.98,5.59,8.08,1
0.06,-7.02,1.12,6.67,-8.42,7.2,-1.46,-1.21,1
-6.77,-4.15,-0.14,3.24,-3.88,8.78,-0.53,-3.61,0
-0.14,-4.93,-3.36,-7.32,8.3,6.37,-9.72,-6.99,0
-8.91,8.22,-3.69,7.34,6.36,5.7,-6.67,-9.73,0
-7.54,-6.22,6.91,7.22,1.28,2.23,-7.34,7.58,1
2.9,4.53,6.45,-8.62,9.94,0.38,7.74,1.11,0
6.85,1.6,-2.06,-9.27,-1.02,-2.21,2.13,-1.79,1
5.7,-2.99,-6.83,1.9,-6.74,-9.22,3.09,-2.02,0
-4.18,-4.43,8.29,-9.77,-5.29,-6.42,9.58,-9.75,1
8.6,6.19,5.24,7.35,-3.5,-8.86,-6.52,-9.75,0
6.83,-7.29,3.16,-4.45,-6.35,9.33,-1.6,1.23,1
3.0,-4.6,-9.42,-5.58,0.81,-8.28,-9.31,-9.04,1
-0.27,2.32,2.83,-1.16,3.93,7.9,4.45,1.0,1
0.7,-2.23,7.41,9.64,-6.97,-1.43,-2.16,0.45,1
8.25,3.09,-2.36,-2.61,-3.79,3.47,5.52,4.81,1
5.78,8.57,0.58,-6.33,7.57,-9.66,0.28,-5.77,0
-7.57,0.44,-2.17,-0.15,4.65,3.92,4.65,-0.72,1
-2.37,-9.91,-7.09,9.88,2.16,-1.56,-2.14,4.32,0
-1.59,7.44,-6.85,3.36,-0.48,0.86,-6.39,-6.92,0
1.44,-0.22,-6.8,7.6,4.69,1.89,-7.93,9.16,1
-7.52,9.39,-2.84,-9.33,-0.85,-2.31,-6.84,4.52,1
1.0,-5.75,5.91,6.33,0.11,6.71,-8.35,3.61,1
8.5,-4.49,6.97,-8.82,-6.96,1.04,5.62,9.96,1
-1.98,-7.26,7.53,4.99,-3.98,3.11,5.04,-8.49,1
-2.5,-7.43,-0.25,-8.03,0.63,-0.52,-0.3,-4.38,1
9.73,-5.92,4.34,-0.67,-6.66,-2.87,2.27,5.19,0
-9.16,9.48,1.08,8.61,-8.33,-7.78,-6.32,-0.18,0
-2.37,7.64,0.86,-4.82,-3.11,3.29,7.91,-0.67,0
7.68,4.33,-5.44,3.45,0.59,-7.21,5.76,9.19,0
-6.3,-3.38,2.32,3.1,7.69,-9.42,4.09,-2.43,1
6.29,9.92,-4.33,-5.2,-5.24,2.9,1.61,6.3,1
2.11,-7.81,8.16,-0.73,1.69,3.11,1.01,9.42,0
5.11,-4.0,1.21,6.09,0.94,5.16,-3.84,6.25,1
5.34,-5.57,-2.93,0.12,-1.77,2.58,-8.97,-4.05,0
1.4,-7.25,-6.5,-6.14,-3.96,5.49,1.75,1.95,1
5.2,-7.88,-6.6,7.68,-0.93,-3.8,6.67,8.96,0
-1.01,3.53,-2.98,4.82,8.73,-9.09,8.97,-0.77,1
4.36,-7.09,-2.05,-6.22,-9.53,9.44,-9.35,-5.33,1
2.58,0.91,-6.7,-8.46,-5.39,-6.24,7.94,7.88,1
6.39,0.49,-5.18,5.35,-1.05,-4.73,-8.93,2.47,1
-7.27,8.38,6.22,-8.51,-4.05,-1.39,-5.56,4.55,1
1.54,-5.54,6.32,4.0,-3.08,1.89,-6.23,9.19,1
8.59,8.36,-2.57,9.19,4.66,4.52,2.57,7.56,0
5.9,9.96,3.04,-9.46,-2.88,7.55,-4.99,-3.18,0
7.18,1.16,1.88,-4.74,-0.73,-7.18,5.17,1.44,0
6.84,-2.88,3.29,-9.33,-3.3,1.7,4.13,5.58,0
1.06,-5.63,-0.71,-3.94,-4.4,1.11,8.81,-9.99,1
7.47,-1.07,-7.37,6.57,-2.35,7.45,-0.49,8.57,0
7.92,-9.43,-9.46,-2.74,4.99,-0.38,-4.4,-1.61,0
4.94,6.87,8.3,-1.49,2.34,4.28,5.81,-0.01,0
7.39,6.46,-5.65,-2.82,3.96,7.52,3.5,8.62,1
3.54,2.37,5.52,0.05,-9.59,-3.68,2.79,-3.71,1
-4.64,1.67,-0.57,0.28,5.75,-3.72,-4.58,-9.09,1
6.58,-2.06,-5.55,2.65,1.45,-9.15,-1.16,6.66,0
-3.92,-2.67,4.63,2.63,7.78,1.56,-1.73,-8.69,0
-7.69,5.99,6.54,-5.21,5.91,6.8,-9.19,-0.52,1
-4.95,-0.83,-3.69,-6.94,-0.71,-4.45,0.76,-0.66,1
-8.72,-5.17,-4.6,3.61,-9.79,4.84,8.0,1.42,0
5.26,7.06,3.06,-2.52,2.07,-0.9,2.29,-6.51,1
8.17,-1.64,2.27,3.16,9.8,-7.7,-1.19,7.85,1
8.43,6.34,6.43,1.49,1.02,8.22,-0.64,-0.46,1
-2.57,2.55,1.86,4.02,6.07,2.63,-8.43,7.25,1
-5.32,1.2,-8.81,-8.22,-5.6,3.35,0.63,-2.07,0
3.7,7.54,-6.99,9.4,-0.87,-2.79,-5.01,-8.95,0
-0.52,0.75,6.42,0.31,5.17,9.87,0.83,-1.49,1
-6.61,8.29,6.19,4.2,2.02,2.78,6.39,-0.59,0
7.51,8.44,8.02,6.06,-3.49,-6.84,-7.38,1.03,0
1.38,5.28,-5.26,-5.65,-8.91,9.07,-5.59,-7.31,0
-3.57,-7.49,0.55,8.43,-5.99,-6.03,-9.38,7.1,1
3.72,-9.76,3.39,-6.64,7.11,4.88,5.78,-0.91,1
3.77,0.74,-6.98,1.52,-9.65,-9.79,-0.51,-1.07,0
-0.31,-9.29,-1.42,5.51,1.96,-4.11,-3.56,3.99,1
-7.16,9.35,-0.9,7.29,-3.66,-0.6,-6.83,-8.43,1
4.05,7.75,-0.37,-3.12,2.22,-1.33,-7.82,-4.82,0
1.76,4.23,6.71,2.15,-3.75,1.38,9.13,-9.49,0
-2.76,-6.21,-5.26,6.78,9.78,2.07,-5.64,1.62,1
9.64,0.93,4.05,-8.55,-4.41,-1.85,-4.27,-7.64,1
7.61,0.39,6.96,-4.47,-3.94,1.24,0.76,3.64,0
7.07,6.87,-6.76,-1.94,-9.31,-8.94,5.04,2.73,0
-7.05,-4.64,-6.01,3.2,1.04,2.04,-9.25,-8.17,0
8.2,3.68,6.98,8.32,8.05,7.15,8.08,-0.47,1
7.86,-7.64,-6.74,-1.08,-1.45,-7.24,4.2,3.13,0
-3.11,-9.43,-2.68,2.4,-1.78,5.06,3.27,8.14,0
5.37,-5.64,2.2,3.47,1.31,3.15,-1.64,-7.72,1
7.85,-9.5,5.62,3.46,6.72,9.87,8.79,-9.08,1
-9.72,-5.85,-4.61,3.47,1.74,-6.26,-3.56,0.23,0
8.58,8.58,3.36,1.48,2.12,1.91,3.57,-7.59,0
-3.98,6.52,-5.17,-9.92,6.47,4.76,0.25,2.95,0
5.36,-4.41,0.13,-3.85,6.07,0.52,5.95,-0.7,0
-0.79,-7.33,6.9,3.41,7.99,-5.5,-9.87,-6.01,1
4.73,-2.1,-9.05,-2.87,1.3,-4.51,8.19,5.83,0
-9.58,9.1,4.49,-1.49,0.87,-9.89,8.75,-1.18,0
-0.79,2.44,6.79,-6.19,-4.61,-0.13,-1.0,3.53,1
9.08,0.41,7.65,8.04,0.47,-8.46,-3.24,2.15,0
-8.94,-4.43,5.23,6.91,5.53,0.73,-2.04,3.66,1
0.52,-5.98,-9.73,-9.3,-9.31,-8.37,-3.68,-2.02,1
0.32,1.41,-3.51,-5.73,3.37,1.37,-4.14,-3.43,1
-7.36,-8.95,-5.62,-9.95,-7.94,4.78,7.61,-2.25,0
-8.97,2.3,-0.09,4.73,4.85,4.69,-2.28,-6.25,0
5.35,-7.32,8.85,-6.04,-1.89,4.62,7.68,-8.69,0
-5.68,-9.34,-8.57,-6.79,-2.64,-8.61,4.16,-3.82,1
-7.56,8.34,-7.33,-4.42,-3.16,1.72,-3.87,-5.29,0
-9.25,-2.94,8.44,-8.12,4.75,1.73,7.17,5.31,1
-4.33,2.13,0.76,-1.27,7.11,-1.53,-3.39,9.25,1
-3.68,7.72,-5.86,2.89,-3.38,-2.79,-0.94,3.13,0
5.75,9.47,1.67,1.62,6.55,6.0,-6.16,5.51,1
-2.79,8.32,-8.21,5.35,4.33,-2.43,3.62,6.7,0
-1.45,-1.38,-2.33,-9.3,5.91,5.67,-7.35,1.02,1
1.66,-4.84,-1.21,-2.76,-4.22,5.87,-2.14,4.25,1
-1.61,1.82,7.7,4.11,5.11,-0.38,4.44,2.02,1
-2.18,4.03,4.41,-4.52,-7.97,5.68,-7.0,3.73,1
-7.1,-2.44,-3.04,9.35,9.99,-5.16,-7.2,6.6,0
7.76,-6.4,6.92,9.37,-8.65,-9.3,6.61,6.68,1
7.62,-2.72,-1.33,3.41,2.64,9.08,0.21,3.28,1
5.01,-8.6,1.96,7.24,-7.29,-6.2,9.22,4.67,0
-0.07,-3.05,4.8,-7.64,-1.72,0.52,3.76,4.55,0
2.9,4.93,-2.35,9.36,8.01,-7.01,-4.01,-4.23,1
7.22,8.64,6.31,9.66,-5.44,8.84,1.69,2.75,0
2.18,-5.89,9.38,5.49,-5.07,-8.47,4.24,-7.58,1
-5.77,3.86,4.5,-5.42,-9.51,-6.74,-4.72,-1.45,1
6.22,1.18,4.41,-3.57,-6.54,6.2,-2.89,-4.33,1
-9.65,0.23,3.13,8.45,0.44,4.92,2.6,0.37,0
5.88,-8.25,4.8,8.7,-5.58,-9.94,1.23,-0.84,0
-2.34,8.61,-8.55,8.44,-0.64,-5.93,0.25,5.6,0
-8.77,-4.06,8.75,-1.96,0.41,-4.84,-1.86,5.09,0
-0.8,6.8,4.17,-6.12,-2.92,-7.23,-4.92,0.08,1
1.73,-7.01,-0.57,2.48,1.21,5.92,7.64,-9.65,0
-2.99,4.11,-5.99,-0.94,-4.29,2.8,0.57,7.24,0
5.15,-2.69,1.47,-2.82,6.03,-1.78,-6.11,-9.54,0
4.73,3.26,-5.62,-2.02,4.11,-5.96,6.31,-0.14,0
0.67,5.78,-2.28,-9.27,-3.26,8.05,5.52,-3.5,0
-8.23,-4.18,3.08,2.53,4.5,-7.65,-8.92,6.27,1
-3.06,-4.07,-6.01,-3.85,0.57,-6.4,-1.95,8.06,0
9.84,-3.48,9.85,-4.33,4.89,-2.13,7.78,6.45,0
2.14,4.83,6.84,7.94,4.77,1.77,6.83,-2.84,1
4.43,-8.15,-8.89,-0.27,-3.05,5.28,-5.81,-9.51,0
-7.24,5.3,5.03,1.06,9.7,-9.11,-3.25,4.36,0
-2.95,-2.81,5.16,-7.51,-3.3,7.57,-3.06,-1.92,1
-8.5,8.94,-1.94,-1.65,2.71,-9.99,6.54,-8.96,0
-6.39,1.96,3.39,-8.82,3.93,4.52,-6.87,-5.72,0
9.12,-2.28,-4.66,3.13,-3.09,0.04,-9.05,1.24,0
-5.84,-2.97,4.84,-1.0,-2.02,0.81,-0.59,1.86,1
7.69,-9.6,-3.42,-3.74,-0.46,-3.77,-8.71,-6.24,0
-8.29,2.41,7.62,-0.89,-3.17,-8.4,-9.87,0.52,0
0.48,2.99,-3.25,-2.1,-9.41,0.24,9.3,-8.24,1
0.12,-2.97,0.44,-9.54,-0.09,-2.18,-2.54,1.13,0
-9.12,-8.72,-1.83,-4.22,-3.31,-5.24,-4.03,-3.88,0
-1.1,7.67,-7.71,-4.99,-8.54,-4.14,-0.53,6.89,1
7.15,-3.08,8.97,0.45,-4.56,0.31,-5.89,-3.94,0
8.74,-4.83,8.23,-7.6,1.39,-9.26,-4.21,1.59,1
9.71,2.87,5.07,3.99,4.23,-5.11,2.85,5.99,0
8.96,6.14,4.79,-0.86,1.64,6.12,-8.23,-9.82,1
-2.0,8.9,0.13,-5.31,-3.64,-1.73,4.45,-0.89,1
-4.41,4.46,-4.23,2.98,-1.77,3.95,-3.27,4.17,0
9.66,7.47,4.45,-7.5,5.6,4.98,9.55,-7.43,0
5.72,-3.04,-2.74,9.91,8.5,-2.93,-7.74,-2.63,0
-2.96,5.14,-5.1,0.0,-5.05,9.52,-2.37,-1.75,0
-5.66,2.74,7.88,4.88,1.92,8.63,-3.22,8.67,0
-5.51,-1.38,3.76,1.15,6.28,4.05,-4.85,-1.84,1
2.63,1.63,0.9,-9.3,2.67,-4.13,9.36,1.6,1
5.42,7.37,-0.57,2.91,-6.16,-7.25,-9.32,-8.88,0
-0.37,-7.55,-7.05,-4.65,0.68,5.11,1.53,7.33,0
4.84,3.97,9.14,9.87,-5.46,-0.25,8.81,5.17,1
6.4,-7.05,8.57,7.97,6.05,-5.28,6.71,-8.82,1
5.93,1.03,2.16,4.36,4.94,-8.86,-2.97,-5.14,0
-7.79,-4.32,1.69,-5.08,-0.81,4.16,-0.37,-7.7,0
1.14,5.29,5.49,-7.83,-6.86,-8.9,-8.03,7.57,1
-5.8,-7.71,-3.33,2.58,-0.67,4.88,2.23,-1.15,0
5.71,-7.49,-7.03,9.58,6.38,9.66,7.36,0.13,1
-3.05,-2.89,5.55,-2.07,5.55,7.68,9.75,-0.26,1
-6.98,-1.59,8.71,-0.44,-3.43,7.53,-4.35,-5.4,0
6.41,-6.66,6.28,7.15,8.59,-0.28,-6.64,-2.01,1
-1.38,3.98,-7.29,-6.89,-5.48,-3.53,7.63,-6.74,1
5.31,8.87,-2.08,-1.29,8.6,-7.2,-1.85,-2.42,0
-3.14,-8.95,1.72,-8.72,5.15,8.12,2.43,9.91,1
5.62,9.25,-2.9,-3.19,3.22,7.51,-7.25,7.23,1
-0.43,-8.78,4.16,2.42,7.29,0.75,8.31,1.66,1
-3.37,-5.11,0.41,-8.05,-0.95,8.23,-9.98,3.23,0
-7.77,-8.34,5.56,-8.13,-7.41,-7.78,2.86,5.24,0
2.2,-3.72,1.47,-9.52,5.22,1.43,-1.99,-8.38,0
3.54,-0.27,6.72,0.6,-6.97,1.68,-8.58,1.86,1
3.63,-3.02,-5.61,6.46,-2.41,6.51,-0.65,-0.71,0
-4.65,-2.74,-8.44,1.24,-7.59,-9.53,6.1,0.22,1
-4.09,-3.19,3.19,8.83,-2.57,-6.22,1.73,0.4,0
6.36,-9.77,7.17,-5.25,2.65,0.02,-7.71,4.53,1
5.82,-4.05,-2.72,-8.63,0.59,-6.41,-6.76,-2.34,0
-0.46,0.93,-1.55,-7.05,9.13,-1.74,8.52,6.98,0
6.7,-4.42,5.94,-4.23,4.22,4.07,-4.89,1.05,1
-0.73,7.2,5.54,-5.18,-8.4,-9.22,1.51,-9.45,1
5.76,5.65,-5.04,-4.77,-3.16,3.45,-8.66,0.83,1
-8.42,2.65,6.85,0.32,4.97,9.3,-7.21,-5.42,0
-6.86,-3.48,7.07,4.99,4.0,0.32,0.69,-5.45,1
-1.42,4.24,-8.7,0.51,-7.24,-8.32,-5.63,-9.72,0
-1.38,-9.46,-9.34,7.06,-1.28,4.96,-5.86,-0.52,1
-2.21,8.59,1.66,-0.27,-7.65,5.79,-6.36,1.84,0
7.63,7.95,-1.85,6.96,1.16,-7.02,-9.28,1.39,1
1.35,8.23,-5.03,0.75,-5.48,-2.17,-0.35,-8.26,1
-9.83,-0.84,-7.01,6.1,7.36,1.6,3.99,-0.6,1
3.95,8.72,6.01,2.0,-8.5,1.7,-8.41,-7.06,0
-8.28,-9.16,4.97,-5.09,6.78,-5.82,-7.59,2.29,0
7.4,-9.01,-6.61,-2.74,-1.18,-5.22,-6.05,5.62,0
6.08,8.35,7.43,3.18,8.27,-3.26,3.66,-9.83,1
-2.18,-8.62,2.13,7.67,8.31,7.64,-3.71,7.0,0
-8.68,0.5,-1.52,-3.58,-7.83,-1.33,-2.95,-0.21,1
0.87,0.35,4.71,-0.59,2.58,8.16,-3.4,-4.59,1
3.2,-8.72,5.81,-7.99,1.72,-4.06,-2.18,1.53,0
-7.5,-2.1,5.25,-4.04,1.49,3.06,-8.62,-2.29,0
-8.32,-7.12,2.85,-1.33,-8.2,1.45,-9.18,0.8,0
8.62,-3.62,5.38,5.24,-1.0,-7.16,8.84,9.55,1
-9.75,-9.92,9.62,-6.66,4.71,-8.1,2.96,4.15,0
9.63,0.24,0.35,9.6,1.55,2.99,-1.34,9.41,1
-0.56,-8.54,-1.96,-8.69,-5.41,-5.82,-3.38,1.82,0
6.49,-7.55,5.79,0.06,-9.52,-2.77,7.79,-9.74,1
9.03,-8.54,4.14,2.52,5.95,-0.28,-9.91,-1.11,0
3.68,-0.26,-4.89,0.81,-1.83,-2.08,-2.24,-0.28,1
-7.54,4.74,-6.57,-8.4,0.13,-4.88,-2.88,-3.14,0
1.14,7.67,-1.9,-0.71,8.87,5.05,-7.94,-7.94,0
4.72,-8.07,9.43,6.59,-5.87,1.47,-8.75,-0.78,1
4.23,1.13,-8.4,7.32,6.84,-1.58,7.02,-0.39,0
4.7,-4.87,5.24,-7.1,1.62,7.71,-0.07,5.71,0
1.05,3.46,3.38,2.02,6.9,1.65,3.76,-6.76,0
-0.99,8.65,-0.8,-0.42,-3.79,-5.52,-9.7,5.98,1
3.92,4.63,-8.4,-7.41,3.39,-9.02,-2.21,0.53,0
0.7,1.89,3.62,-7.17,-4.18,1.57,3.25,8.65,1
-8.67,8.62,-2.7,-4.81,-1.78,-5.7,3.58,6.19,1
3.57,0.99,4.38,-4.34,-5.21,6.95,-9.81,3.17,1
8.96,-3.8,-0.5,7.87,-1.89,9.88,7.0,4.05,1
-0.57,-4.54,6.14,4.82,5.53,-3.81,9.08,-0.3,0
-9.9,-1.29,-1.02,-2.16,-6.64,6.39,-3.35,1.91,1
-5.56,-2.14,-1.06,7.26,-8.7,4.14,9.17,-1.0,0
2.36,8.17,1.72,7.94,1.59,6.75,-9.84,8.91,1
6.85,3.08,6.22,0.73,2.78,4.03,-4.61,8.84,1
7.71,-7.71,3.58,-5.04,5.63,3.73,-0.6,1.73,0
6.55,1.21,3.92,6.42,-1.15,-5.89,6.92,-0.15,0
9.14,-6.39,5.76,-2.79,3.9,-8.68,3.67,4.62,1
0.85,-3.49,-0.03,0.61,9.67,9.7,-3.32,1.07,1
-2.14,1.17,8.03,-8.45,-7.28,1.73,-4.79,-9.29,0
9.3,4.04,-6.24,9.64,-6.08,-7.89,6.74,-8.55,1
-9.01,-3.99,3.5,5.57,7.77,-6.52,9.65,7.56,0
9.57,0.69,-5.23,-4.05,-0.42,-9.11,-7.89,-6.1,1
-7.78,-3.99,3.9,0.53,6.73,-3.63,-4.4,-0.93,1
6.54,-9.43,-8.6,6.78,-3.85,3.1,-6.81,-4.82,1
-3.14,6.69,-4.48,-6.56,-5.94,7.93,2.01,-4.14,0
1.6,-0.81,7.76,2.52,-3.96,1.78,2.88,-6.35,1
6.8,-5.91,0.03,-8.56,-8.55,-0.38,2.41,5.1,0
0.12,6.89,-4.75,6.36,-0.38,-1.07,3.91,9.95,0
7.46,0.12,3.02,-0.37,9.54,9.24,-4.29,0.9,1
5.55,6.62,4.48,4.5,0.05,9.62,-7.46,-4.45,0
9.36,-7.5,-5.11,-0.42,7.5,-2.73,-1.16,4.54,0
-2.26,3.63,-5.25,-3.3,3.96,1.61,-8.27,6.71,1
0.12,9.41,-5.35,-0.46,0.92,0.97,-3.32,7.36,1
6.49,-5.3,-0.09,-3.5,2.89,6.68,6.26,-6.44,0
6.66,3.01,7.23,2.54,6.01,0.09,8.99,-0.85,1
-3.15,-1.3,1.12,-7.11,-2.07,9.14,9.0,8.49,1
0.48,9.34,1.67,4.8,3.95,-8.34,2.88,0.46,1
-1.8,-2.61,-9.59,1.68,9.94,-4.38,6.32,-5.42,1
-5.13,9.67,1.74,-2.51,7.72,1.12,-7.86,-5.03,0
1.01,4.66,-3.79,5.14,6.03,-2.68,9.01,-4.55,1
4.29,4.77,4.99,1.82,9.0,1.89,1.65,5.4,1
-0.61,-4.71,4.33,-7.19,5.06,-4.6,0.84,-0.71,0
2.53,6.16,6.29,-2.53,7.59,9.91,9.75,-8.82,0
8.55,2.85,8.83,2.85,-2.15,-7.88,-6.23,-1.2,1
9.95,4.23,-3.72,2.29,-1.81,-5.57,7.92,4.71,0
5.8,-4.61,9.71,1.61,-0.17,3.95,1.92,-4.55,1
-4.85,9.94,7.53,-8.62,-6.45,-7.32,8.79,7.42,0
-9.94,-2.46,6.03,2.47,5.27,-1.23,-7.05,-3.99,0
3.98,-3.45,-2.2,-1.59,5.34,1.76,-6.17,0.94,0
-8.69,3.76,7.03,-3.28,-7.66,2.67,-0.62,-7.89,1
-2.95,6.82,-6.89,8.59,3.21,1.03,-5.78,-7.37,1
-3.4,-0.83,-7.63,1.01,-3.95,7.77,9.84,9.71,0
-9.31,6.31,-7.15,5.88,2.65,-3.41,5.73,-0.72,1
-0.78,-5.09,-5.37,-7.23,7.11,5.78,-7.47,4.31,1
-2.96,-8.85,6.35,5.1,8.31,-5.9,6.26,-3.26,1
8.59,3.56,0.12,-2.99,1.7,-9.14,1.25,-0.82,1
-7.71,-2.57,3.0,-3.68,-5.74,-6.82,0.51,-2.88,1
7.38,1.5,6.15,4.98,3.85,-7.84,5.81,1.18,0
-9.09,-2.93,-3.27,0.99,4.38,-7.94,3.82,5.58,1
-0.55,9.67,-5.25,8.09,0.77,-0.86,5.15,7.88,0
-8.37,2.41,-5.78,-5.4,-6.29,3.28,-9.57,-8.15,1
-0.64,-2.45,6.63,-5.27,-9.93,1.97,-3.53,5.73,1
8.53,2.83,7.33,6.2,-2.8,-8.03,-3.83,4.75,0
-6.22,-1.36,3.04,3.29,-5.83,9.81,4.73,-5.59,0
9.15,-8.35,6.01,3.09,9.31,-7.36,-7.29,9.75,1
2.8,-2.49,4.7,0.43,-3.07,-7.17,-4.76,-9.17,1
6.88,4.44,-4.97,7.15,-5.67,5.51,-2.14,9.5,0
-0.35,-6.92,0.51,-9.25,-0.37,0.64,-7.94,3.96,0
-2.96,-0.59,1.52,3.66,-1.49,4.97,-9.86,6.01,0
-4.67,8.8,4.15,7.98,8.59,0.6,-4.8,2.51,0
-1.06,-4.77,-7.42,-8.86,-8.79,1.78,-5.04,6.86,1
-8.97,8.21,3.42,-0.35,-2.79,4.08,7.72,-6.57,0
-4.45,3.47,-1.93,-3.33,1.54,-5.7,2.48,2.8,0
-1.68,3.58,-9.05,-6.56,9.91,-6.0,-0.62,2.48,0
-2.47,8.39,-9.34,3.23,-2.5,-3.04,-6.3,1.34,0
-9.07,-7.45,-7.08,-5.59,5.13,6.01,4.67,-7.15,0
6.79,5.25,2.79,0.16,6.12,5.5,9.45,-3.24,0
4.38,5.61,2.38,1.42,2.16,-3.39,-3.27,-5.08,1
-7.45,-8.66,-2.09,8.55,9.47,-5.96,1.56,0.61,0
-0.06,-0.18,8.33,1.23,-4.42,-1.61,2.03,-4.69,1
9.95,-4.88,-0.85,-0.26,6.56,0.88,-9.78,9.07,1
4.87,-0.45,-5.6,8.02,0.64,6.72,9.03,2.59,0
-6.33,-5.45,0.66,-4.92,-1.08,-0.66,-4.97,8.6,0
0.84,1.64,-3.6,8.95,6.99,-3.2,8.01,-2.34,0
-5.18,-9.67,4.88,-7.89,3.4,5.61,0.87,-2.9,1
6.45,-1.21,-9.55,-1.46,-6.22,3.39,-2.81,2.71,0
5.63,-3.74,-6.69,5.16,-5.39,-8.72,8.26,-1.07,1
-9.59,-4.95,6.02,0.21,-5.72,6.62,-1.11,-9.92,0
-9.9,5.21,-7.98,3.86,3.01,2.85,9.93,8.37,0
9.77,0.6,-1.93,0.25,4.56,1.0,-5.59,-2.02,1
8.55,8.56,-8.17,9.92,6.87,-4.8,2.94,-0.45,0
0.87,2.99,-5.45,-2.78,5.93,8.0,0.95,-8.29,1
-9.35,-4.11,-5.81,-9.61,2.41,-6.48,-5.18,-5.94,0
-0.31,-4.26,0.86,-3.38,7.07,-7.94,0.92,6.72,0
9.73,-9.93,-1.86,-4.37,-4.59,3.41,2.08,6.44,0
9.84,1.77,-0.94,3.96,-0.98,-9.91,8.01,2.77,1
0.24,-4.45,8.0,-4.71,0.34,-5.09,-4.37,-2.78,1
9.4,-0.42,2.87,0.3,9.57,-3.24,1.81,-9.73,0
8.55,4.46,9.08,6.11,3.95,-1.69,8.71,4.76,0
0.3,2.03,1.05,-1.18,-4.09,-7.82,3.84,4.85,0
7.51,-3.29,6.24,3.25,6.97,8.31,3.71,1.49,0
7.17,9.26,-1.4,-4.33,-8.27,-9.88,-5.22,0.47,0
-8.69,4.42,5.57,6.63,4.53,-2.15,-8.11,-2.74,0
-8.03,-7.29,-0.15,0.77,3.91,-8.82,6.4,5.15,0
1.38,2.68,0.43,-6.13,8.75,3.28,-7.74,-6.0,1
-7.38,-9.75,-6.5,-9.3,4.38,-2.78,9.95,-3.5,1
-3.12,-3.08,-0.08,3.02,-5.99,7.95,2.82,-8.86,1
-9.5,-4.35,3.89,-0.96,9.36,-3.05,4.6,-8.35,0
0.79,5.68,8.75,7.7,-3.61,-5.1,-8.64,-3.87,1
5.16,-0.78,0.99,0.8,-3.47,-2.83,-9.84,-4.7,0
3.21,2.6,0.89,-6.97,-3.99,-3.82,6.45,-1.99,1
4.89,-3.1,3.9,-7.77,-7.78,9.84,5.38,-5.48,1
4.4,-4.62,-1.42,8.19,-1.14,-1.67,2.54,-6.56,0
0.39,-7.97,6.23,-8.99,-8.47,5.01,5.76,6.46,1
-7.03,-2.7,-9.74,-8.02,5.09,-4.74,9.76,8.16,1
4.28,-8.71,6.25,7.37,4.36,7.22,0.23,-2.98,1
-0.97,1.89,6.29,8.0,-4.97,1.47,-7.58,5.75,1
6.01,-9.15,-6.21,-8.29,-1.73,1.89,-5.76,7.31,1
-4.97,8.31,-1.79,7.02,-0.4,1.14,3.76,-4.49,1
2.9,-8.83,5.12,-9.37,-1.07,9.28,9.24,4.28,1
-4.21,-8.08,6.12,-1.93,-8.34,-4.03,-7.69,9.84,1
-8.72,4.88,2.36,9.08,2.36,-7.89,2.53,1.57,1
3.07,5.51,9.52,7.22,9.48,8.2,8.69,-3.65,1
1.31,-7.2,-2.16,-2.91,-8.07,-3.89,-7.5,1.83,0
-9.37,9.16,-8.57,-6.66,-7.79,-5.65,2.57,-4.18,1
-1.56,-6.56,5.82,-1.62,2.53,7.84,7.53,0.11,1
-2.24,-7.61,-9.58,5.72,4.21,-0.86,5.23,1.9,0
-2.48,-1.95,-7.88,2.64,9.74,-7.24,-7.53,-5.84,1
-1.71,7.14,-4.92,-3.12,-9.39,-9.02,-9.95,-8.83,1
-9.48,-5.11,5.93,-7.39,-8.03,-2.65,6.84,-8.79,0
-3.67,-5.14,-5.52,5.61,-4.05,3.64,-7.23,2.21,1
-3.76,-7.94,-2.13,0.25,9.62,-7.63,-4.37,9.7,1
2.01,9.46,-7.87,5.92,-5.24,-0.58,-1.36,-9.75,1
7.53,-4.5,-6.6,-3.06,-2.06,-1.9,-6.71,5.78,0
1.65,3.04,5.74,-5.2,-4.03,3.59,4.28,-2.94,1
8.27,1.97,-6.44,4.18,-4.4,5.46,9.98,-9.18,1
-3.86,-2.43,-0.23,-3.03,-6.49,1.67,-9.37,3.12,1
-2.58,0.06,3.74,-9.09,8.99,6.3,-6.01,2.67,0
4.24,-2.34,6.94,-7.05,-7.0,-4.04,3.53,6.89,0
-4.95,2.94,-0.47,-7.38,-4.13,6.33,4.63,-8.29,0
6.22,4.96,2.46,-4.73,-2.54,-8.5,-4.7,1.05,0
6.35,-7.72,-9.03,-1.25,6.51,-4.15,2.83,1.22,1
-9.12,3.29,-9.47,-3.24,3.61,-2.49,-6.05,6.85,1
1.12,-9.85,-1.32,-5.99,8.09,-2.38,4.92,-3.43,0
-2.97,-6.66,2.49,-3.44,7.4,2.1,-6.01,7.87,0
-3.93,7.3,-0.27,-3.77,1.7,4.16,-0.59,4.15,1
8.21,2.88,5.58,6.46,-6.06,7.85,-0.88,9.91,0
3.97,1.84,-1.45,-5.07,8.51,-3.18,9.99,3.95,0
1.13,-7.1,8.02,8.82,1.61,0.69,7.95,5.4,0
-3.19,2.32,-3.51,5.12,8.89,-1.32,8.63,-3.87,1
-1.98,-7.16,7.34,2.27,-2.2,2.92,-7.07,-7.75,0
7.76,3.08,5.66,9.59,0.29,-1.56,8.79,7.41,0
-3.64,7.79,6.6,4.15,-9.8,5.14,-3.43,-4.34,1
-6.3,3.78,0.34,-6.1,-9.89,5.42,-0.09,-1.89,0
2.03,1.31,-3.92,-8.57,-2.13,4.49,-7.11,-9.44,1
-8.91,-7.28,-0.2,8.28,-4.92,8.53,7.5,-7.81,1
-3.89,-3.91,-8.07,-5.85,9.74,0.37,-9.76,-9.87,0
0.62,-1.53,-0.85,-3.5,4.99,9.31,-6.03,8.95,0
1.98,0.97,7.94,-1.99,-4.39,-5.59,6.64,2.55,1
7.82,3.14,3.16,-5.74,0.44,-9.71,-0.59,2.38,0
7.7,7.99,-3.15,3.1,9.89,-0.19,-9.74,1.74,0
1.95,9.27,1.04,4.47,-8.53,2.68,1.52,8.27,0
4.29,-5.18,3.98,6.18,0.6,-6.91,-4.6,0.53,1
6.66,-3.42,-0.42,2.01,-3.1,7.19,6.97,-7.79,0
-2.02,9.75,7.51,-1.42,-7.48,0.61,-8.35,-1.4,1
-7.24,4.71,-7.93,-7.85,-2.59,-0.43,4.56,-1.88,1
-9.34,3.42,4.08,5.65,-3.85,-7.26,2.73,-3.19,1
6.09,-8.74,-5.27,-3.43,0.41,-3.15,8.86,-8.64,1
5.89,-1.55,5.01,7.44,-4.71,-4.58,-0.46,-3.6,0
5.47,-7.57,-2.3,-1.14,-0.37,-9.92,-5.65,-9.11,0
-2.73,2.83,1.89,6.14,-4.46,-2.35,9.8,-2.68,0
8.52,-8.6,3.31,1.33,1.12,-5.48,-6.08,2.79,0
-2.98,5.6,1.96,5.04,3.66,3.31,-4.93,9.58,0
9.32,-3.81,-4.2,-0.96,-6.43,-0.03,4.73,-9.2,1
-1.94,2.88,2.6,3.58,-0.33,7.34,-2.22,-2.27,1
-4.22,-6.19,-8.63,1.17,3.26,-8.17,2.92,-1.32,1
-1.3,-4.09,9.63,0.2,9.71,8.98,-6.96,8.41,1
9.33,8.3,-7.0,0.81,1.51,-5.69,1.44,-4.98,0
5.21,-1.81,2.54,5.39,-7.1,-5.41,-7.73,6.38,0
-4.41,4.99,-0.09,5.82,4.22,-7.0,2.53,7.54,1
-5.16,-4.64,4.87,-6.78,-3.12,3.41,6.47,5.85,0
6.97,7.5,5.01,-0.58,9.91,-3.66,-1.29,-0.43,0
1.25,1.28,8.91,-2.33,-9.67,5.91,-9.66,-6.69,1
-4.46,-3.53,-3.34,-2.62,-7.26,4.73,-2.85,-7.22,0
2.0,-0.63,6.95,-6.85,-7.29,-2.64,-0.76,5.14,0
3.76,-4.75,9.85,4.87,-7.31,-2.41,-7.62,5.34,0
-9.17,-5.81,4.71,-9.0,3.2,-6.25,0.37,9.71,0
-9.09,1.2,8.27,-1.2,-8.46,-7.33,9.4,-1.84,1
-4.58,-1.63,2.77,-1.92,4.0,-9.64,-6.55,-2.51,0
7.69,4.29,-3.23,0.59,2.63,-5.92,1.16,7.94,0
-5.34,-4.21,-6.93,7.59,3.88,-6.49,-8.29,-9.58,1
-8.93,8.14,-7.22,6.23,7.53,-3.72,3.99,-7.43,1
0.43,-7.66,9.64,5.59,8.04,4.84,4.6,-2.84,1
-0.73,6.25,-9.87,3.75,9.17,-4.15,-0.21,4.61,0
7.09,8.83,8.19,-2.33,4.51,1.89,-3.18,4.46,0
6.48,-1.62,-2.87,6.45,-3.34,-7.81,1.78,-4.39,0
-4.68,-3.87,5.43,5.46,5.17,-0.29,6.47,-5.42,1
5.01,-2.94,2.99,5.58,-5.78,0.89,-1.2,1.47,1
7.57,-5.99,6.45,-9.66,-3.32,-2.95,-1.39,-7.34,1
7.53,-8.89,6.35,-3.83,-4.94,8.27,5.03,7.58,1
9.78,-6.05,3.68,-9.31,-1.0,4.74,6.61,9.46,0
6.32,-2.26,-9.88,-1.01,-3.39,3.21,4.31,4.54,1
-4.27,-5.51,8.52,-7.1,5.49,7.56,-4.43,2.88,0
-1.4,2.32,1.43,3.17,-7.68,2.74,-9.48,-3.54,0
0.75,-8.37,8.72,-6.92,-2.73,9.59,-0.83,-7.55,1
-3.45,2.93,-3.98,-1.89,9.23,2.17,5.69,2.1,0
-0.57,6.86,-1.44,-5.82,9.35,-6.99,3.75,8.6,0
5.27,-1.11,-8.41,-3.88,-6.28,5.5,-9.58,-4.66,0
-0.0,-4.09,-9.88,-2.87,-0.22,-8.75,6.34,-2.51,0
7.54,7.02,-7.02,5.99,6.72,-7.57,7.84,-7.06,1
-5.55,-1.15,9.71,1.51,0.82,2.99,0.63,-5.62,0
-7.84,-6.41,7.19,0.35,-7.94,4.68,4.77,8.3,0
-0.2,-7.29,0.35,-8.69,-6.56,-8.9,0.28,-1.4,0
6.01,-6.5,6.59,-2.91,-6.74,-9.94,-3.6,-1.95,0
8.37,9.26,-1.57,-7.62,-3.6,-7.56,-0.72,6.9,0
5.5,1.79,8.33,-8.98,7.07,-1.02,-7.26,3.37,0
-4.02,6.87,-5.17,-2.42,9.67,0.98,1.59,-9.85,0
-0.32,1.71,8.96,8.61,6.01,7.34,-5.47,3.66,1
-7.15,4.08,-9.49,-2.15,-5.85,-9.83,3.53,7.65,1
8.47,-2.72,-2.88,8.88,-9.14,8.95,-6.19,5.1,0
-5.22,4.51,8.78,4.85,8.57,4.56,-5.92,-3.59,0
-7.34,9.69,-9.51,-8.33,0.41,5.71,-3.01,-3.66,1
3.02,4.57,4.8,1.35,8.74,-6.33,5.39,-8.12,0
-0.5,2.69,1.45,4.6,-7.13,1.87,8.61,9.78,1
4.08,6.18,-6.77,-3.13,3.25,-2.84,-7.2,2.76,1
9.61,-6.81,4.86,5.29,5.14,-2.81,-4.88,-6.26,0
-1.6,-7.85,1.16,-3.92,-8.26,-5.43,7.5,-4.02,0
-5.61,-6.52,-6.56,-1.36,6.74,7.72,3.2,-0.24,0
-3.23,5.68,-8.82,4.72,7.85,4.07,-0.82,3.04,1
3.37,-5.99,-1.04,9.31,3.42,8.31,6.89,-7.23,1
-8.15,6.78,2.08,2.7,-9.0,2.73,6.8,2.09,1
8.78,-8.64,-6.71,2.61,2.87,-4.69,6.69,0.94,0
5.7,-0.99,-0.52,-5.17,-3.23,2.54,-3.87,-3.49,1
-9.99,-4.48,-0.69,8.13,1.76,-4.56,0.27,-3.03,1
-4.15,5.82,-2.46,-5.15,3.08,5.91,-6.69,-4.73,1
-5.83,-6.97,-3.21,2.18,7.54,3.18,8.23,-3.71,0
-4.25,-4.62,-5.46,7.21,-1.66,4.24,-5.88,-3.32,1
4.68,3.03,-3.5,-6.66,3.52,4.98,1.26,5.98,1
3.95,-4.4,8.05,0.27,-9.62,3.02,5.74,-8.26,1
0.5,4.67,3.79,1.47,-8.53,-0.58,0.51,5.83,0
-1.74,-4.67,-7.87,-7.47,0.19,-7.32,2.08,-9.95,0
-5.75,-6.72,-9.11,7.77,-5.2,-8.44,7.44,9.55,1
-4.11,-1.87,1.2,9.68,-5.59,-2.74,5.65,4.64,0
-2.96,-0.25,-6.11,4.52,2.3,8.16,9.77,5.55,0
-3.16,-4.66,-9.32,-9.71,4.34,-5.74,3.53,-4.25,0
7.69,8.87,-0.11,2.71,3.38,6.56,4.57,-0.95,0
6.25,4.87,-1.49,3.59,9.8,-6.44,-1.88,-2.66,1
8.57,-9.2,7.54,6.65,-2.22,9.18,1.37,-8.79,0
-1.96,-2.94,-3.57,-2.32,-1.18,-7.78,-7.53,-1.6,1
4.0,4.8,2.75,-2.23,9.07,-2.2,7.48,-3.91,0
6.01,-8.92,-5.09,0.77,-9.63,-0.99,6.44,5.13,0
3.91,-8.3,-6.19,-6.0,2.23,9.73,1.71,0.73,0
-0.03,2.74,1.34,1.44,0.87,4.73,9.33,-8.38,0
2.17,6.83,5.33,1.27,1.04,-0.03,7.9,4.48,1
3.67,-5.49,-1.57,3.58,-5.72,6.87,-0.13,-5.5,0
-1.43,-2.57,4.23,3.01,-6.75,1.7,-9.74,-4.21,1
-1.25,4.06,-5.48,9.67,-5.36,9.18,-7.14,4.15,0
0.99,2.68,6.88,3.62,-2.97,-9.48,-0.54,0.08,1
6.65,9.41,-7.16,-0.29,9.37,-4.5,-6.78,-1.05,1
-0.1,-9.34,-6.07,8.34,-7.25,-6.09,9.45,-4.19,1
-8.81,-8.83,8.82,-8.46,6.23,-9.6,4.03,-5.19,1
-1.52,9.43,3.5,-1.01,-2.73,-2.05,5.63,4.76,1
-3.02,9.17,4.86,-9.43,5.32,-2.04,0.98,-2.24,1
5.41,-1.29,5.3,-8.56,-6.59,-3.29,-6.16,4.63,1
6.74,-6.12,-9.59,2.75,2.43,0.62,9.61,7.78,0
5.02,-5.69,2.4,-4.62,-3.58,-5.31,8.07,9.04,0
6.65,4.74,7.1,6.95,-3.88,2.91,-9.56,-7.33,0
-9.11,-5.65,1.74,3.79,-5.46,0.35,-3.53,3.15,0
9.51,7.82,-5.36,7.99,-5.21,-2.01,2.81,9.82,0
-9.68,-7.35,-9.05,9.08,1.68,-0.58,2.6,-5.75,1
6.44,-2.31,7.43,1.69,-1.19,-1.46,-1.45,-7.66,0
4.89,-9.07,-7.18,8.34,-2.64,-9.69,-9.06,-8.23,1
6.26,0.21,8.93,4.47,2.87,-8.84,-8.57,-1.72,1
6.99,-7.26,4.34,-3.26,0.76,-3.63,-3.28,2.17,1
1.98,0.16,-9.19,-5.64,8.5,-0.51,9.07,8.1,0
1.95,-0.27,-4.09,-0.29,-0.94,-1.34,9.72,-3.0,0
-3.52,8.27,1.35,-5.14,9.44,-2.88,4.85,7.69,0
-7.94,5.37,8.22,-8.73,-7.98,-6.5,8.39,-6.34,1
2.05,-4.47,-2.59,9.94,-3.33,4.77,-4.71,-5.99,0
5.4,7.06,-5.82,2.63,1.82,-2.17,1.18,-6.77,0
2.46,-6.86,-9.15,-0.68,2.12,9.13,0.48,4.87,1
1.11,0.47,1.04,-3.77,4.73,2.92,6.43,5.7,0
7.57,-0.47,1.22,0.7,-5.49,-1.67,-0.16,1.87,0
1.99,6.19,6.97,-8.12,9.18,-6.87,2.82,-1.94,0
-6.0,-2.6,-1.94,-5.12,-5.61,-4.08,3.94,1.47,0
-4.69,-9.76,-1.87,-6.4,3.35,3.66,-4.6,-0.86,1
-3.19,-1.97,5.24,-6.71,2.44,-0.86,7.3,1.12,0
3.39,5.41,-5.49,7.98,-8.45,-9.9,-7.3,5.58,1
4.81,3.09,-5.61,6.6,-5.62,0.32,1.81,-3.7,1
-5.68,-2.03,-8.26,-0.9,0.92,-8.27,0.66,-3.7,1
8.58,4.18,9.52,-6.02,0.19,5.7,-8.35,-1.75,1
-8.94,4.88,-8.94,3.41,8.09,8.25,4.1,0.77,0
-0.14,0.23,-4.64,-2.29,1.8,3.9,3.24,8.31,1
7.21,-1.21,2.75,-9.14,-0.03,-3.77,5.77,-5.63,0
-8.44,-3.57,4.3,6.54,-0.71,6.65,-2.17,-5.59,1
9.56,7.13,-5.29,4.31,-9.62,-5.04,8.99,3.49,0
5.84,-4.21,5.71,-2.2,6.49,-3.9,0.36,6.47,0
-4.32,-3.05,-7.2,3.3,0.62,1.18,0.49,-2.71,1
-5.99,-5.88,-8.83,-9.21,0.33,-6.66,-3.58,-5.84,0
6.43,0.05,-6.31,0.34,5.83,0.49,-1.82,-8.37,1
0.87,-1.53,-3.68,8.98,-5.63,5.59,3.25,3.65,1
8.55,-0.51,-3.2,3.6,-0.27,1.13,-4.84,-2.52,1
1.34,-8.01,6.84,6.62,-2.56,-3.47,-8.55,-7.33,1
5.38,-4.91,8.37,1.32,9.54,-9.09,-3.0,-9.86,0
-2.79,3.93,7.56,-7.42,-0.11,0.84,-7.37,-6.67,1
5.8,7.59,7.55,6.54,1.49,-2.92,-5.7,3.74,0
-8.73,-0.67,-7.29,-1.07,5.15,3.44,-0.83,7.73,0
-6.42,2.29,-1.47,-9.14,-9.15,2.46,-1.79,-5.96,1
-4.38,8.46,-9.15,-9.75,-9.0,4.31,-1.52,5.86,0
0.21,6.42,-6.77,0.32,-5.61,8.36,-4.15,3.03,1
4.35,-2.17,-9.79,7.73,-1.66,8.19,-1.08,-4.92,0
-4.89,-5.69,7.37,0.03,7.75,-3.94,-9.6,3.14,1
9.65,-6.77,-8.41,8.76,7.56,-8.93,-7.92,6.0,1
-1.22,-5.88,-0.05,-6.57,-2.16,-0.61,-8.72,4.48,1
-4.24,9.92,-9.46,-8.84,1.77,9.55,-0.04,-1.31,0
4.39,-9.67,-4.1,6.55,-9.15,-9.38,7.39,3.71,1
7.14,-6.21,-8.88,6.14,-1.96,-7.95,-3.69,5.31,1
-1.22,-8.32,1.55,6.01,3.26,5.64,5.73,9.71,0
4.93,-5.79,-5.09,3.94,-8.06,-9.18,-6.56,-7.85,1
5.01,-1.64,8.64,-8.14,6.79,-6.2,-3.27,3.67,1
-1.64,-4.08,-0.23,4.59,1.53,-7.56,-4.61,-5.11,1
6.27,4.58,-5.24,7.72,4.21,1.48,-7.82,-4.38,0
-6.01,8.63,5.49,-8.03,-2.86,-0.25,2.12,6.24,0
-1.78,-3.66,0.78,9.04,8.57,4.14,-8.56,-1.76,0
-2.61,7.42,-0.75,4.31,-0.89,-5.31,-0.44,-4.49,0
9.31,-8.6,9.67,-5.43,6.47,5.88,-6.97,9.09,1
7.05,-4.17,-6.91,4.14,4.3,9.62,-2.82,2.15,0
5.43,-2.07,-5.91,-2.76,-0.81,5.09,-6.45,-7.2,1
0.31,-3.32,4.32,2.51,-1.93,-9.04,-1.14,-7.81,1
-3.69,-2.08,6.32,-8.13,-2.93,-1.09,-8.17,-8.68,0
8.56,-2.09,-3.85,-3.36,-9.16,5.36,4.34,6.14,0
5.19,-0.58,0.82,1.69,-2.28,-6.8,-9.1,-8.92,0
0.2,-3.41,7.43,-7.24,1.4,9.06,-8.82,9.34,0
-2.08,2.13,-5.89,5.09,-5.8,9.49,3.77,6.94,1
-1.02,-2.89,9.85,7.84,0.58,8.08,-4.35,-5.74,0
-7.34,-7.62,-5.53,4.33,5.08,-0.24,-3.35,-0.99,0
-0.36,-7.47,-4.58,9.19,-5.45,-8.11,6.42,-7.54,1
1.79,-2.11,-9.41,6.81,8.19,3.46,7.74,7.69,0
-6.89,-7.41,6.02,-7.33,4.61,-0.01,-8.69,-5.78,0
6.14,-3.51,6.4,-6.97,-9.26,-6.15,-4.3,2.62,0
1.67,-9.05,-5.4,2.05,-1.71,-4.95,-8.18,7.93,0
0.98,5.35,9.03,6.59,-4.42,-5.33,-9.98,-5.51,0
6.47,-4.77,1.47,8.29,3.69,-5.31,5.77,7.6,1
-0.3,-4.4,8.28,-3.19,-0.63,-7.43,9.33,-6.25,1
-2.1,-3.18,-4.07,1.52,3.04,-2.95,-0.33,5.16,0
-8.81,-9.3,3.35,-7.05,0.3,-1.26,2.56,-7.16,1
1.25,-3.25,-5.83,-7.87,-6.6,-9.54,-9.6,6.22,1
0.65,6.72,6.05,3.47,0.07,-3.97,-7.9,7.37,1
8.68,1.1,6.88,5.96,4.29,8.47,5.57,-1.81,1
5.64,-1.37,-0.94,8.39,-4.34,-1.05,-10.0,-1.73,1
9.17,2.4,6.06,6.88,-5.21,-7.08,7.94,0.37,0
1.13,-5.34,-0.14,-6.97,-4.14,3.91,4.18,1.82,0
4.38,-2.04,1.33,-8.06,7.81,-9.16,-9.52,5.1,0
-3.05,6.93,1.55,4.75,-8.68,-2.38,-0.69,1.83,0
8.1,-2.09,6.15,4.39,8.63,-6.39,3.32,-0.46,0
6.42,4.93,7.29,-1.1,9.68,-3.26,-3.59,7.48,0
1.05,-9.11,1.54,2.78,-2.73,2.46,-9.74,-6.27,1
4.26,6.54,4.46,-9.14,0.1,4.04,4.21,0.47,1
-8.4,-7.7,9.86,2.5,-1.85,7.87,0.85,-8.04,0
-2.24,8.33,-0.63,7.76,2.67,1.04,3.03,4.62,0
-9.84,0.78,-6.42,5.1,6.52,-0.78,-9.8,-3.26,1
-2.56,4.02,-0.61,8.39,9.97,-5.52,3.86,6.82,1
1.69,8.47,0.01,-7.05,-4.46,-9.12,-0.48,9.31,1
-0.54,6.09,-2.9,-3.87,-9.42,-0.5,6.71,0.74,0
8.2,4.5,5.27,-2.4,1.75,1.04,-9.45,1.36,1
-8.08,2.38,5.47,1.58,0.76,-2.98,-2.79,-4.98,1
9.52,9.73,5.51,-7.29,9.46,-7.34,-2.69,-9.68,0
-6.52,-3.74,3.03,6.98,-6.83,-3.63,-1.88,0.0,1
-3.52,-1.91,-2.49,0.93,-9.85,-8.01,-7.55,-8.19,1
2.6,-8.4,3.01,-8.88,6.76,-8.26,-1.73,5.85,0
-0.69,5.03,5.23,2.23,-0.77,9.74,8.88,-9.92,1
-7.03,3.78,-2.21,-7.41,-2.72,7.4,-4.11,7.06,0
8.18,9.36,-8.58,-3.74,-0.7,0.89,-8.97,4.23,1
-4.67,1.96,4.83,3.1,-9.48,-9.02,-7.48,9.84,0
1.18,-5.85,-1.63,7.2,4.17,4.1,3.82,-2.98,1
8.89,-2.85,-8.76,6.4,-9.36,0.79,-2.19,5.19,1
-9.72,7.42,-1.59,-3.92,-9.91,-6.03,6.2,0.76,1
3.49,-5.05,-9.46,-5.62,-5.41,7.68,-7.39,-0.34,0
6.83,9.99,-9.16,-0.13,-3.79,-5.07,-7.22,6.13,0
-8.89,-9.33,3.16,-5.37,1.31,3.63,-3.02,4.38,1
-7.64,2.28,7.41,-3.1,-6.43,-5.21,6.83,8.25,0
-8.04,2.0,-4.65,9.74,2.31,-2.15,6.95,-7.57,0
-1.51,-8.94,0.05,-5.25,-2.87,-1.71,7.77,-6.59,1
-6.88,-8.39,4.18,-9.66,0.64,7.72,-7.15,-2.03,1
-2.98,7.74,0.91,-2.78,8.55,6.04,6.01,0.22,0
1.88,-8.42,-7.11,-9.59,-4.46,-2.03,-8.76,4.39,0
-1.45,-7.48,-2.73,6.76,10.0,1.15,-8.72,-2.47,1
-4.69,-0.61,2.89,-5.13,-7.4,-9.99,-6.16,0.69,0
-9.78,-0.72,2.98,-1.43,5.23,-2.59,-1.68,0.83,1
-0.22,2.12,1.87,2.97,2.11,1.79,2.17,-5.25,0
4.05,8.46,0.8,-2.68,2.12,0.75,6.17,9.01,0
4.25,3.78,-2.76,-1.49,-4.83,-5.32,2.09,-8.04,1
7.09,-7.68,-0.76,-7.74,-4.65,-0.75,4.76,1.27,0
5.0,-9.08,-0.15,-3.33,-0.99,-4.71,3.62,0.28,1
-3.84,-8.18,-6.95,3.05,3.75,7.88,-5.76,-8.5,1
7.08,-9.73,-1.63,-0.65,-2.94,-2.34,1.3,-4.59,1
0.95,3.87,5.07,4.28,8.63,-3.36,7.67,-9.78,0
7.45,-8.9,7.85,4.77,-2.74,-9.79,9.33,-0.94,0
-0.04,-9.42,-2.69,-9.71,-3.16,8.53,-1.67,6.63,0
7.22,0.87,8.57,-2.58,8.75,0.49,-8.2,5.78,1
-9.37,-6.63,-4.65,4.94,-2.73,-6.11,-5.62,4.74,0
-9.11,0.83,7.92,-0.85,-3.62,8.21,3.11,-5.96,0
4.4,-3.19,5.47,-7.91,-7.9,-2.85,1.48,2.96,1
-6.29,-8.56,-9.92,-2.08,-7.23,6.33,-9.88,5.29,0
-7.22,7.9,9.85,-6.26,5.49,7.93,9.28,2.95,1
2.26,9.24,3.92,5.95,-8.84,-2.09,4.95,-9.27,1
1.97,-6.71,-1.84,5.84,5.59,4.38,10.0,-0.92,0
-1.14,4.69,-2.55,-1.82,0.23,-8.29,-3.05,4.02,1
-4.43,3.78,-0.53,9.65,8.4,-4.69,0.99,4.86,1
0.68,-9.1,6.56,8.8,7.04,9.49,-2.85,-1.35,0
3.53,-0.7,-5.25,-4.08,-1.19,-3.4,0.91,5.22,0
-9.8,-7.67,-5.94,6.94,-1.99,-4.7,-9.73,-6.41,0
9.81,7.99,-3.19,1.87,-6.7,-2.96,-0.95,-9.31,1
0.45,5.05,-8.84,-2.44,-8.1,1.0,6.79,2.03,0
6.38,1.67,4.01,-0.43,-0.14,-6.18,-2.99,-2.13,0
-2.48,-1.95,1.28,3.88,0.72,6.87,5.53,3.01,0
-8.56,8.26,8.91,8.72,-4.43,-9.86,4.01,-8.13,0
1.13,-1.43,-2.59,-7.98,8.77,6.1,3.17,-9.42,0
6.04,3.88,-3.7,-1.76,-6.88,7.71,-1.28,-5.44,0
-3.03,2.64,-7.46,-5.87,2.4,6.34,7.27,6.91,1
-2.07,0.45,3.2,-4.17,-1.74,-5.86,-5.09,6.74,0
0.8,4.72,2.44,7.29,4.25,8.82,-8.79,-0.5,0
6.08,-6.39,-4.08,-5.61,-9.08,-4.18,4.49,-7.16,0
-3.6,9.15,-4.31,-3.05,-7.24,-1.86,-9.0,6.32,0
-6.5,4.87,1.41,-5.39,6.54,-2.64,-3.06,-5.65,0
-9.22,6.0,3.08,-0.98,-1.68,9.82,0.41,-5.37,0
-7.84,0.13,3.4,-6.15,4.98,-5.11,7.27,5.56,0
-4.9,2.54,-9.82,-2.55,7.41,9.16,-4.76,9.35,1
5.58,6.05,-9.98,-5.3,9.96,5.42,9.44,-5.88,0
-6.64,-5.39,7.24,-3.35,-7.15,-0.93,2.29,2.56,1
0.93,9.7,-7.48,-9.6,-5.04,-3.67,-8.31,7.69,1
-7.26,4.02,-8.62,1.02,4.26,3.52,-0.77,2.31,0
-0.72,-7.64,-7.67,3.03,-0.44,3.14,-2.82,1.58,1
2.0,-0.03,-4.52,8.79,2.12,-7.39,-1.57,0.74,0
5.12,-3.22,0.2,-3.92,3.52,-0.54,7.58,-3.58,0
2.59,9.68,4.64,5.48,0.9,0.19,0.37,-5.22,0
8.56,-9.08,1.97,-8.68,2.32,7.99,8.14,6.31,1
-4.62,-9.57,-5.99,8.45,-2.5,5.16,7.72,8.87,1
-8.41,5.0,1.76,-7.11,-1.78,-1.44,-2.08,-3.26,1
-9.06,-0.28,-7.82,8.55,4.01,1.34,3.79,-6.69,0
-9.64,5.78,-3.44,-5.83,5.62,3.68,-3.94,-0.04,0
-9.11,-8.34,-5.77,1.54,-6.14,0.85,8.0,-1.92,0
9.72,8.26,-9.69,-6.76,2.88,-9.56,3.33,-6.75,0
-8.18,4.34,-2.84,-8.82,5.8,5.24,9.85,-9.95,1
7.67,5.87,-9.91,-9.79,0.1,2.23,9.22,-2.81,0
4.3,8.75,-2.61,4.13,4.29,-8.52,-3.17,1.22,1
2.62,-1.62,-9.58,0.78,-5.63,4.9,-2.1,6.55,1
0.95,-1.14,-6.11,-1.1,4.48,-4.15,8.56,4.63,0
-6.06,-4.15,6.6,1.07,7.67,7.61,7.13,-7.38,0
-8.71,-3.35,-2.38,-6.23,9.39,5.73,-5.79,3.63,1
-6.57,-5.31,3.59,5.53,7.52,6.47,-5.55,9.15,0
-5.74,1.34,7.5,7.32,-0.89,-9.09,0.74,5.46,0
7.58,9.84,-1.31,-9.52,-0.44,-2.82,0.62,-9.47,0
0.48,5.44,7.39,-5.87,-6.54,-7.56,-7.09,-6.76,1
-5.58,-1.75,7.21,-3.56,9.6,8.35,-0.46,5.72,0
0.77,-6.94,3.94,5.65,8.92,2.36,-6.73,9.44,0
